<assembly>
    <id>bin</id>
    <formats>
        <format>zip</format>
        <format>tar</format>
    </formats>
    <!-- Adds dependencies to zip package under lib directory -->
    <dependencySets>
        <dependencySet>
            <!--
               Project artifact is not copied under library directory since
               it is added to the root directory of the zip package.
           -->
            <useProjectArtifact>false</useProjectArtifact>
            <outputDirectory>lib</outputDirectory>
            <unpack>false</unpack>
        </dependencySet>
    </dependencySets>
    <fileSets>
        <!--
           Adds startup scripts to the root directory of zip package. The startup
           scripts are located to src/main/scripts directory as stated by Maven
           conventions.
       -->
        <fileSet>
            <directory>src/main/resources/</directory>
            <outputDirectory>config</outputDirectory>
            <includes>
                <include>*.properties</include>
            </includes>
        </fileSet>

        <fileSet>
            <directory>${project.build.scriptSourceDirectory}</directory>
            <outputDirectory>bin</outputDirectory>
            <includes>
                <include>start.*</include>
            </includes>
        </fileSet>
        <!-- adds jar package to the root directory of zip package -->
        <fileSet>
            <directory>${project.build.directory}</directory>
            <outputDirectory>lib</outputDirectory>
            <includes>
                <include>*.jar</include>
            </includes>
        </fileSet>
    </fileSets>

</assembly>